ΔηλωσηID,Ημερομηνία,ΑΦΜ,Επωνυμία,ΔΟΥID,Κατηγορία_Φόρου,Βάση_Φόρου,Συντελεστής_Pct,Ποσό_EUR,Κατάσταση,Περιφέρεια,Πόλη,ΥπάλληλοςID,Φορ_Ετος,MonthNumber,MonthName
1,2023-09-15,100666666,Επιχείρηση 6 ΑΕ,3,ΦΠΑ,58330.33,24,13999.28,Απορριφθείσα,Ιόνια Νησιά,Ζάκυνθος,4,2023,9,Σεπτέμβριος
2,2023-06-11,100111111,Επιχείρηση 1 ΑΕ,5,Ακινήτων,115521.21,1.59,1836.79,Εγκεκριμένη,Κεντρική Μακεδονία,Θεσσαλονίκη,2,2023,6,Ιούνιος
3,2024-09-15,100999999,Επιχείρηση 9 ΑΕ,4,ΦΠΑ,130707.27,24,31369.74,Εγκεκριμένη,Κεντρική Μακεδονία,Βέροια,2,2024,9,Σεπτέμβριος
4,2023-11-11,100666666,Επιχείρηση 6 ΑΕ,3,Ακινήτων,73802.25,1.73,1276.78,Εγκεκριμένη,Ιόνια Νησιά,Ζάκυνθος,1,2023,11,Νοέμβριος
5,2024-06-29,100888888,Επιχείρηση 8 ΑΕ,1,ΦΠΑ,110054.23,24,26413.02,Εκκρεμής,Ιόνια Νησιά,Ζάκυνθος,1,2024,6,Ιούνιος
6,2024-07-06,100555555,Επιχείρηση 5 ΑΕ,1,Εισοδήματος,40493.44,16.41,6644.97,Εκκρεμής,Πελοπόννησος,Καλαμάτα,4,2024,7,Ιούλιος
7,2024-06-13,100777777,Επιχείρηση 7 ΑΕ,5,Μισθοδοσίας,149277.25,15,22391.59,Εγκεκριμένη,Κεντρική Μακεδονία,Θεσσαλονίκη,2,2024,6,Ιούνιος
8,2023-08-14,100888888,Επιχείρηση 8 ΑΕ,1,ΦΠΑ,51374.75,24,12329.94,Εγκεκριμένη,Ιόνια Νησιά,Ζάκυνθος,2,2023,8,Αύγουστος
9,2023-09-01,100222222,Επιχείρηση 2 ΑΕ,6,ΦΠΑ,135907.58,24,32617.82,Εγκεκριμένη,Δυτική Ελλάδα,Πάτρα,3,2023,9,Σεπτέμβριος
10,2023-04-07,101999998,Επιχείρηση 18 ΑΕ,6,Μισθοδοσίας,37206.59,15,5580.99,Εγκεκριμένη,Δυτική Ελλάδα,Αγρίνιο,3,2023,4,Απρίλιος
11,2024-10-31,101555554,Επιχείρηση 14 ΑΕ,7,Μισθοδοσίας,62254.24,15,9338.14,Απορριφθείσα,Κρήτη,Ηράκλειο,4,2024,10,Οκτώβριος
12,2023-07-16,100444444,Επιχείρηση 4 ΑΕ,1,Μισθοδοσίας,109503.82,15,16425.57,Εγκεκριμένη,Αττική,Γλυφάδα,1,2023,7,Ιούλιος
13,2023-03-19,101666665,Επιχείρηση 15 ΑΕ,7,Μισθοδοσίας,28339.72,15,4250.96,Εγκεκριμένη,Κρήτη,Χανιά,4,2023,3,Μάρτιος
14,2023-04-06,101999998,Επιχείρηση 18 ΑΕ,6,ΦΠΑ,98169.59,24,23560.7,Απορριφθείσα,Δυτική Ελλάδα,Αγρίνιο,3,2023,4,Απρίλιος
15,2023-03-02,100888888,Επιχείρηση 8 ΑΕ,1,Μισθοδοσίας,73360.53,15,11004.08,Εγκεκριμένη,Ιόνια Νησιά,Ζάκυνθος,2,2023,3,Μάρτιος
16,2024-12-14,100111111,Επιχείρηση 1 ΑΕ,5,Ακινήτων,139051.19,1.57,2183.1,Απορριφθείσα,Κεντρική Μακεδονία,Θεσσαλονίκη,2,2024,12,Δεκέμβριος
17,2023-03-04,101999998,Επιχείρηση 18 ΑΕ,6,Εισοδήματος,29294.78,34.75,10179.94,Εκκρεμής,Δυτική Ελλάδα,Αγρίνιο,3,2023,3,Μάρτιος
18,2024-06-04,100222222,Επιχείρηση 2 ΑΕ,6,Μισθοδοσίας,75924.71,15,11388.71,Εγκεκριμένη,Δυτική Ελλάδα,Πάτρα,3,2024,6,Ιούνιος
19,2024-08-06,100666666,Επιχείρηση 6 ΑΕ,3,ΦΠΑ,101606.67,24,24385.6,Εγκεκριμένη,Ιόνια Νησιά,Ζάκυνθος,1,2024,8,Αύγουστος
20,2023-09-25,102222220,Επιχείρηση 20 ΑΕ,1,ΦΠΑ,63464.51,24,15231.48,Εγκεκριμένη,Πελοπόννησος,Τρίπολη,1,2023,9,Σεπτέμβριος
21,2023-11-20,101222221,Επιχείρηση 11 ΑΕ,4,Ακινήτων,59972.09,1.6,959.55,Απορριφθείσα,Κεντρική Μακεδονία,Θεσσαλονίκη,2,2023,11,Νοέμβριος
22,2024-07-04,100333333,Επιχείρηση 3 ΑΕ,1,Μισθοδοσίας,93552.73,15,14032.91,Εγκεκριμένη,Αττική,Αθήνα,1,2024,7,Ιούλιος
23,2023-06-11,100999999,Επιχείρηση 9 ΑΕ,4,Ακινήτων,132248.76,1.74,2301.13,Εγκεκριμένη,Κεντρική Μακεδονία,Βέροια,2,2023,6,Ιούνιος
24,2023-04-17,101999998,Επιχείρηση 18 ΑΕ,6,ΦΠΑ,100511.62,24,24122.79,Απορριφθείσα,Δυτική Ελλάδα,Αγρίνιο,3,2023,4,Απρίλιος
25,2023-10-16,100555555,Επιχείρηση 5 ΑΕ,1,ΦΠΑ,133567.19,24,32056.13,Εγκεκριμένη,Πελοπόννησος,Καλαμάτα,3,2023,10,Οκτώβριος
26,2024-10-11,100777777,Επιχείρηση 7 ΑΕ,5,Μισθοδοσίας,38417.07,15,5762.56,Εγκεκριμένη,Κεντρική Μακεδονία,Θεσσαλονίκη,2,2024,10,Οκτώβριος
27,2023-06-15,100999999,Επιχείρηση 9 ΑΕ,4,ΦΠΑ,50699.92,24,12167.98,Εκκρεμής,Κεντρική Μακεδονία,Βέροια,2,2023,6,Ιούνιος
28,2023-06-02,101999998,Επιχείρηση 18 ΑΕ,6,ΦΠΑ,17669.21,24,4240.61,Εγκεκριμένη,Δυτική Ελλάδα,Αγρίνιο,3,2023,6,Ιούνιος
29,2023-02-10,101333332,Επιχείρηση 12 ΑΕ,3,Μισθοδοσίας,19989.38,15,2998.41,Εκκρεμής,Πελοπόννησος,Καλαμάτα,2,2023,2,Φεβρουάριος
30,2024-09-27,100777777,Επιχείρηση 7 ΑΕ,5,ΦΠΑ,53698.12,24,12887.55,Εκκρεμής,Κεντρική Μακεδονία,Θεσσαλονίκη,2,2024,9,Σεπτέμβριος
31,2024-02-26,100888888,Επιχείρηση 8 ΑΕ,1,Εισοδήματος,132331.01,20.63,27299.89,Εκκρεμής,Ιόνια Νησιά,Ζάκυνθος,2,2024,2,Φεβρουάριος
32,2023-08-16,100888888,Επιχείρηση 8 ΑΕ,1,Εισοδήματος,118318.8,39.05,46203.49,Εγκεκριμένη,Ιόνια Νησιά,Ζάκυνθος,3,2023,8,Αύγουστος
33,2023-03-13,101333332,Επιχείρηση 12 ΑΕ,3,Εισοδήματος,34215.61,18.75,6415.43,Απορριφθείσα,Πελοπόννησος,Καλαμάτα,3,2023,3,Μάρτιος
34,2023-01-29,100999999,Επιχείρηση 9 ΑΕ,4,Μισθοδοσίας,102248.2,15,15337.23,Εγκεκριμένη,Κεντρική Μακεδονία,Βέροια,2,2023,1,Ιανουάριος
35,2023-11-18,100999999,Επιχείρηση 9 ΑΕ,4,Ακινήτων,6700.32,1.69,113.24,Εγκεκριμένη,Κεντρική Μακεδονία,Βέροια,2,2023,11,Νοέμβριος
36,2024-03-22,101888887,Επιχείρηση 17 ΑΕ,8,Μισθοδοσίας,135026.21,15,20253.93,Εγκεκριμένη,Ιόνια Νησιά,Κέρκυρα,1,2024,3,Μάρτιος
37,2024-09-30,101999998,Επιχείρηση 18 ΑΕ,6,Ακινήτων,65263.31,2.84,1853.48,Εγκεκριμένη,Δυτική Ελλάδα,Αγρίνιο,3,2024,9,Σεπτέμβριος
38,2024-07-21,100444444,Επιχείρηση 4 ΑΕ,1,Ακινήτων,100367.04,2.39,2398.77,Εγκεκριμένη,Αττική,Γλυφάδα,1,2024,7,Ιούλιος
39,2023-10-21,101555554,Επιχείρηση 14 ΑΕ,7,Εισοδήματος,92711.72,9.01,8353.33,Εγκεκριμένη,Κρήτη,Ηράκλειο,4,2023,10,Οκτώβριος
40,2023-06-23,102111109,Επιχείρηση 19 ΑΕ,6,Μισθοδοσίας,66826.12,15,10023.92,Εκκρεμής,Ήπειρος,Άρτα,3,2023,6,Ιούνιος
41,2023-08-19,101111110,Επιχείρηση 10 ΑΕ,7,ΦΠΑ,122945.1,24,29506.82,Εκκρεμής,Κρήτη,Ηράκλειο,4,2023,8,Αύγουστος
42,2023-03-16,100555555,Επιχείρηση 5 ΑΕ,1,ΦΠΑ,37481.54,24,8995.57,Εγκεκριμένη,Πελοπόννησος,Καλαμάτα,1,2023,3,Μάρτιος
43,2023-01-06,102111109,Επιχείρηση 19 ΑΕ,6,Μισθοδοσίας,74662.2,15,11199.33,Εκκρεμής,Ήπειρος,Άρτα,2,2023,1,Ιανουάριος
44,2023-09-13,100444444,Επιχείρηση 4 ΑΕ,1,Εισοδήματος,27207.12,10.76,2927.49,Απορριφθείσα,Αττική,Γλυφάδα,1,2023,9,Σεπτέμβριος
45,2024-03-29,100444444,Επιχείρηση 4 ΑΕ,1,Εισοδήματος,120411.07,29.84,35930.66,Εγκεκριμένη,Αττική,Γλυφάδα,1,2024,3,Μάρτιος
46,2023-09-23,101888887,Επιχείρηση 17 ΑΕ,8,Μισθοδοσίας,134684.01,15,20202.6,Εκκρεμής,Ιόνια Νησιά,Κέρκυρα,4,2023,9,Σεπτέμβριος
47,2023-11-24,100999999,Επιχείρηση 9 ΑΕ,4,Εισοδήματος,41915.02,18.51,7758.47,Εκκρεμής,Κεντρική Μακεδονία,Βέροια,2,2023,11,Νοέμβριος
48,2024-02-22,100333333,Επιχείρηση 3 ΑΕ,1,Εισοδήματος,35457.96,11.25,3989.02,Εγκεκριμένη,Αττική,Αθήνα,1,2024,2,Φεβρουάριος
49,2024-08-21,101666665,Επιχείρηση 15 ΑΕ,7,ΦΠΑ,31818.32,24,7636.4,Απορριφθείσα,Κρήτη,Χανιά,4,2024,8,Αύγουστος
50,2024-03-05,100111111,Επιχείρηση 1 ΑΕ,5,Μισθοδοσίας,1878.52,15,281.78,Εγκεκριμένη,Κεντρική Μακεδονία,Θεσσαλονίκη,2,2024,3,Μάρτιος
51,2023-12-11,101999998,Επιχείρηση 18 ΑΕ,6,Μισθοδοσίας,33693.82,15,5054.07,Εκκρεμής,Δυτική Ελλάδα,Αγρίνιο,3,2023,12,Δεκέμβριος
52,2024-02-08,101444443,Επιχείρηση 13 ΑΕ,7,Μισθοδοσίας,138011.7,15,20701.76,Εγκεκριμένη,Κρήτη,Χανιά,4,2024,2,Φεβρουάριος
53,2024-01-24,100111111,Επιχείρηση 1 ΑΕ,5,Μισθοδοσίας,21219.22,15,3182.88,Εγκεκριμένη,Κεντρική Μακεδονία,Θεσσαλονίκη,2,2024,1,Ιανουάριος
54,2024-03-07,101666665,Επιχείρηση 15 ΑΕ,7,Ακινήτων,114423.23,2.5,2860.58,Εγκεκριμένη,Κρήτη,Χανιά,4,2024,3,Μάρτιος
55,2023-08-18,100333333,Επιχείρηση 3 ΑΕ,1,ΦΠΑ,112604.61,24,27025.11,Εκκρεμής,Αττική,Αθήνα,1,2023,8,Αύγουστος
56,2024-11-16,100222222,Επιχείρηση 2 ΑΕ,6,Εισοδήματος,30704.74,13.42,4120.58,Εγκεκριμένη,Δυτική Ελλάδα,Πάτρα,3,2024,11,Νοέμβριος
57,2023-04-28,100777777,Επιχείρηση 7 ΑΕ,5,Ακινήτων,115267.82,2.21,2547.42,Εκκρεμής,Κεντρική Μακεδονία,Θεσσαλονίκη,2,2023,4,Απρίλιος
58,2024-01-20,100666666,Επιχείρηση 6 ΑΕ,3,ΦΠΑ,87224.03,24,20933.77,Εγκεκριμένη,Ιόνια Νησιά,Ζάκυνθος,3,2024,1,Ιανουάριος
59,2023-05-04,100777777,Επιχείρηση 7 ΑΕ,5,Εισοδήματος,16183.29,30.01,4856.61,Εκκρεμής,Κεντρική Μακεδονία,Θεσσαλονίκη,2,2023,5,Μάιος
60,2024-10-25,102111109,Επιχείρηση 19 ΑΕ,6,Ακινήτων,80379.04,1.14,916.32,Εγκεκριμένη,Ήπειρος,Άρτα,1,2024,10,Οκτώβριος
61,2024-04-15,101555554,Επιχείρηση 14 ΑΕ,7,ΦΠΑ,65594.99,24,15742.8,Εκκρεμής,Κρήτη,Ηράκλειο,4,2024,4,Απρίλιος
62,2024-04-21,101555554,Επιχείρηση 14 ΑΕ,7,Ακινήτων,92770.94,2.55,2365.66,Εγκεκριμένη,Κρήτη,Ηράκλειο,4,2024,4,Απρίλιος
63,2024-04-06,102111109,Επιχείρηση 19 ΑΕ,6,Ακινήτων,127905.26,1.17,1496.49,Εγκεκριμένη,Ήπειρος,Άρτα,3,2024,4,Απρίλιος
64,2023-08-06,101666665,Επιχείρηση 15 ΑΕ,7,Ακινήτων,5276.3,1.36,71.76,Εγκεκριμένη,Κρήτη,Χανιά,4,2023,8,Αύγουστος
65,2023-01-11,100999999,Επιχείρηση 9 ΑΕ,4,Ακινήτων,132167.68,1.55,2048.6,Εγκεκριμένη,Κεντρική Μακεδονία,Βέροια,2,2023,1,Ιανουάριος
66,2024-10-23,100777777,Επιχείρηση 7 ΑΕ,5,Εισοδήματος,108291.12,33.17,35920.16,Εκκρεμής,Κεντρική Μακεδονία,Θεσσαλονίκη,2,2024,10,Οκτώβριος
67,2024-08-18,100111111,Επιχείρηση 1 ΑΕ,5,Ακινήτων,34017.86,1.61,547.69,Εγκεκριμένη,Κεντρική Μακεδονία,Θεσσαλονίκη,2,2024,8,Αύγουστος
68,2024-04-09,101999998,Επιχείρηση 18 ΑΕ,6,Μισθοδοσίας,149498.09,15,22424.71,Εγκεκριμένη,Δυτική Ελλάδα,Αγρίνιο,3,2024,4,Απρίλιος
69,2024-12-07,100999999,Επιχείρηση 9 ΑΕ,4,ΦΠΑ,108471.37,24,26033.13,Εγκεκριμένη,Κεντρική Μακεδονία,Βέροια,2,2024,12,Δεκέμβριος
70,2023-10-17,100777777,Επιχείρηση 7 ΑΕ,5,Ακινήτων,108963.17,2.05,2233.74,Απορριφθείσα,Κεντρική Μακεδονία,Θεσσαλονίκη,2,2023,10,Οκτώβριος
71,2023-02-16,100777777,Επιχείρηση 7 ΑΕ,5,Εισοδήματος,54771.28,13.43,7355.78,Απορριφθείσα,Κεντρική Μακεδονία,Θεσσαλονίκη,2,2023,2,Φεβρουάριος
72,2023-10-19,101999998,Επιχείρηση 18 ΑΕ,6,Εισοδήματος,96042.58,9.43,9056.82,Εγκεκριμένη,Δυτική Ελλάδα,Αγρίνιο,3,2023,10,Οκτώβριος
73,2023-03-08,101666665,Επιχείρηση 15 ΑΕ,7,Εισοδήματος,144859.15,12.99,18817.2,Εγκεκριμένη,Κρήτη,Χανιά,4,2023,3,Μάρτιος
74,2023-05-02,100333333,Επιχείρηση 3 ΑΕ,1,Εισοδήματος,23230.44,43.79,10172.61,Εγκεκριμένη,Αττική,Αθήνα,1,2023,5,Μάιος
75,2024-03-15,101555554,Επιχείρηση 14 ΑΕ,7,Μισθοδοσίας,68126.66,15,10219,Εγκεκριμένη,Κρήτη,Ηράκλειο,4,2024,3,Μάρτιος
76,2024-11-07,102222220,Επιχείρηση 20 ΑΕ,1,ΦΠΑ,142190.94,24,34125.83,Εγκεκριμένη,Πελοπόννησος,Τρίπολη,1,2024,11,Νοέμβριος
77,2023-08-26,101999998,Επιχείρηση 18 ΑΕ,6,Εισοδήματος,1398.68,19.19,268.41,Εγκεκριμένη,Δυτική Ελλάδα,Αγρίνιο,3,2023,8,Αύγουστος
78,2024-10-02,101111110,Επιχείρηση 10 ΑΕ,7,ΦΠΑ,103420.35,24,24820.88,Εγκεκριμένη,Κρήτη,Ηράκλειο,4,2024,10,Οκτώβριος
79,2023-05-26,100777777,Επιχείρηση 7 ΑΕ,5,ΦΠΑ,82139.79,24,19713.55,Εγκεκριμένη,Κεντρική Μακεδονία,Θεσσαλονίκη,2,2023,5,Μάιος
80,2024-02-17,100666666,Επιχείρηση 6 ΑΕ,3,Ακινήτων,66433.86,1.61,1069.59,Απορριφθείσα,Ιόνια Νησιά,Ζάκυνθος,3,2024,2,Φεβρουάριος
81,2023-11-27,101888887,Επιχείρηση 17 ΑΕ,8,Μισθοδοσίας,12985.84,15,1947.88,Εγκεκριμένη,Ιόνια Νησιά,Κέρκυρα,4,2023,11,Νοέμβριος
82,2024-11-19,100111111,Επιχείρηση 1 ΑΕ,5,Εισοδήματος,144324.75,42.28,61020.5,Εκκρεμής,Κεντρική Μακεδονία,Θεσσαλονίκη,2,2024,11,Νοέμβριος
83,2024-10-12,100666666,Επιχείρηση 6 ΑΕ,3,Μισθοδοσίας,137494.85,15,20624.23,Εκκρεμής,Ιόνια Νησιά,Ζάκυνθος,4,2024,10,Οκτώβριος
84,2023-06-14,100333333,Επιχείρηση 3 ΑΕ,1,Ακινήτων,61843.87,1.21,748.31,Εγκεκριμένη,Αττική,Αθήνα,1,2023,6,Ιούνιος
85,2023-11-19,101777776,Επιχείρηση 16 ΑΕ,5,Μισθοδοσίας,122221.34,15,18333.2,Εγκεκριμένη,Ιόνια Νησιά,Ζάκυνθος,3,2023,11,Νοέμβριος
86,2023-07-12,100444444,Επιχείρηση 4 ΑΕ,1,ΦΠΑ,98991.4,24,23757.94,Εγκεκριμένη,Αττική,Γλυφάδα,1,2023,7,Ιούλιος
87,2023-10-22,102222220,Επιχείρηση 20 ΑΕ,1,Μισθοδοσίας,114238.59,15,17135.79,Εγκεκριμένη,Πελοπόννησος,Τρίπολη,4,2023,10,Οκτώβριος
88,2023-06-12,101777776,Επιχείρηση 16 ΑΕ,5,ΦΠΑ,145998.88,24,35039.73,Απορριφθείσα,Ιόνια Νησιά,Ζάκυνθος,1,2023,6,Ιούνιος
89,2023-06-07,101555554,Επιχείρηση 14 ΑΕ,7,Εισοδήματος,148846.31,13.11,19513.75,Εγκεκριμένη,Κρήτη,Ηράκλειο,4,2023,6,Ιούνιος
90,2024-07-18,101111110,Επιχείρηση 10 ΑΕ,7,Μισθοδοσίας,125373.87,15,18806.08,Εγκεκριμένη,Κρήτη,Ηράκλειο,4,2024,7,Ιούλιος
91,2024-06-03,100777777,Επιχείρηση 7 ΑΕ,5,ΦΠΑ,42160.86,24,10118.61,Εγκεκριμένη,Κεντρική Μακεδονία,Θεσσαλονίκη,2,2024,6,Ιούνιος
92,2023-06-02,100111111,Επιχείρηση 1 ΑΕ,5,Ακινήτων,125783.91,2.32,2918.19,Εγκεκριμένη,Κεντρική Μακεδονία,Θεσσαλονίκη,2,2023,6,Ιούνιος
93,2023-11-26,101777776,Επιχείρηση 16 ΑΕ,5,Ακινήτων,83235.7,1.91,1589.8,Εκκρεμής,Ιόνια Νησιά,Ζάκυνθος,3,2023,11,Νοέμβριος
94,2024-01-26,100888888,Επιχείρηση 8 ΑΕ,1,Εισοδήματος,128545.93,25.55,32843.49,Εγκεκριμένη,Ιόνια Νησιά,Ζάκυνθος,4,2024,1,Ιανουάριος
95,2023-04-13,100555555,Επιχείρηση 5 ΑΕ,1,ΦΠΑ,19810.69,24,4754.57,Εκκρεμής,Πελοπόννησος,Καλαμάτα,4,2023,4,Απρίλιος
96,2023-06-08,101666665,Επιχείρηση 15 ΑΕ,7,Μισθοδοσίας,3286.79,15,493.02,Εγκεκριμένη,Κρήτη,Χανιά,4,2023,6,Ιούνιος
97,2024-06-30,100999999,Επιχείρηση 9 ΑΕ,4,Μισθοδοσίας,97825.66,15,14673.85,Εγκεκριμένη,Κεντρική Μακεδονία,Βέροια,2,2024,6,Ιούνιος
98,2023-10-22,101222221,Επιχείρηση 11 ΑΕ,4,ΦΠΑ,93001.46,24,22320.35,Απορριφθείσα,Κεντρική Μακεδονία,Θεσσαλονίκη,2,2023,10,Οκτώβριος
99,2023-06-20,100333333,Επιχείρηση 3 ΑΕ,1,ΦΠΑ,114295.08,24,27430.82,Εκκρεμής,Αττική,Αθήνα,1,2023,6,Ιούνιος
100,2023-05-30,100111111,Επιχείρηση 1 ΑΕ,5,Ακινήτων,119625.38,1.75,2093.44,Εγκεκριμένη,Κεντρική Μακεδονία,Θεσσαλονίκη,2,2023,5,Μάιος
101,2024-05-24,101555554,Επιχείρηση 14 ΑΕ,7,Εισοδήματος,27085.33,32.91,8913.78,Απορριφθείσα,Κρήτη,Ηράκλειο,4,2024,5,Μάιος
102,2024-04-21,100555555,Επιχείρηση 5 ΑΕ,1,Μισθοδοσίας,96047.79,15,14407.17,Απορριφθείσα,Πελοπόννησος,Καλαμάτα,2,2024,4,Απρίλιος
103,2024-10-16,101999998,Επιχείρηση 18 ΑΕ,6,ΦΠΑ,66817.74,24,16036.26,Απορριφθείσα,Δυτική Ελλάδα,Αγρίνιο,3,2024,10,Οκτώβριος
104,2023-08-31,100999999,Επιχείρηση 9 ΑΕ,4,Ακινήτων,30683.33,1.97,604.46,Εγκεκριμένη,Κεντρική Μακεδονία,Βέροια,2,2023,8,Αύγουστος
105,2023-01-09,101333332,Επιχείρηση 12 ΑΕ,3,Ακινήτων,4269,1.79,76.42,Εγκεκριμένη,Πελοπόννησος,Καλαμάτα,3,2023,1,Ιανουάριος
106,2023-08-13,100222222,Επιχείρηση 2 ΑΕ,6,Ακινήτων,116585.41,2.6,3031.22,Εγκεκριμένη,Δυτική Ελλάδα,Πάτρα,3,2023,8,Αύγουστος
107,2024-03-27,102222220,Επιχείρηση 20 ΑΕ,1,Εισοδήματος,94608.97,19.81,18742.04,Εγκεκριμένη,Πελοπόννησος,Τρίπολη,3,2024,3,Μάρτιος
108,2023-07-25,101333332,Επιχείρηση 12 ΑΕ,3,ΦΠΑ,136534.54,24,32768.29,Εγκεκριμένη,Πελοπόννησος,Καλαμάτα,2,2023,7,Ιούλιος
109,2023-12-13,101333332,Επιχείρηση 12 ΑΕ,3,Εισοδήματος,39288.54,37.23,14627.12,Εκκρεμής,Πελοπόννησος,Καλαμάτα,3,2023,12,Δεκέμβριος
110,2024-02-11,101666665,Επιχείρηση 15 ΑΕ,7,Εισοδήματος,113368.57,32.6,36958.15,Απορριφθείσα,Κρήτη,Χανιά,4,2024,2,Φεβρουάριος
111,2024-11-19,101333332,Επιχείρηση 12 ΑΕ,3,Μισθοδοσίας,3073.88,15,461.08,Εκκρεμής,Πελοπόννησος,Καλαμάτα,1,2024,11,Νοέμβριος
112,2024-07-28,100999999,Επιχείρηση 9 ΑΕ,4,Ακινήτων,17143.57,1.05,180.01,Εγκεκριμένη,Κεντρική Μακεδονία,Βέροια,2,2024,7,Ιούλιος
113,2024-10-26,102222220,Επιχείρηση 20 ΑΕ,1,ΦΠΑ,95675.18,24,22962.04,Εγκεκριμένη,Πελοπόννησος,Τρίπολη,2,2024,10,Οκτώβριος
114,2024-07-04,100555555,Επιχείρηση 5 ΑΕ,1,ΦΠΑ,46350.32,24,11124.08,Εγκεκριμένη,Πελοπόννησος,Καλαμάτα,1,2024,7,Ιούλιος
115,2024-11-01,101666665,Επιχείρηση 15 ΑΕ,7,Μισθοδοσίας,88513.71,15,13277.06,Εγκεκριμένη,Κρήτη,Χανιά,4,2024,11,Νοέμβριος
116,2023-08-30,101777776,Επιχείρηση 16 ΑΕ,5,Ακινήτων,5874.73,1.89,111.03,Εκκρεμής,Ιόνια Νησιά,Ζάκυνθος,4,2023,8,Αύγουστος
117,2024-04-10,100444444,Επιχείρηση 4 ΑΕ,1,Ακινήτων,10021.96,2.94,294.65,Εγκεκριμένη,Αττική,Γλυφάδα,1,2024,4,Απρίλιος
118,2024-08-01,100777777,Επιχείρηση 7 ΑΕ,5,ΦΠΑ,118232.39,24,28375.77,Εγκεκριμένη,Κεντρική Μακεδονία,Θεσσαλονίκη,2,2024,8,Αύγουστος
119,2024-09-02,101999998,Επιχείρηση 18 ΑΕ,6,Εισοδήματος,122144.89,36.6,44705.03,Εγκεκριμένη,Δυτική Ελλάδα,Αγρίνιο,3,2024,9,Σεπτέμβριος
120,2023-05-15,100555555,Επιχείρηση 5 ΑΕ,1,Ακινήτων,119978.56,2.73,3275.41,Εγκεκριμένη,Πελοπόννησος,Καλαμάτα,2,2023,5,Μάιος
121,2024-06-22,100888888,Επιχείρηση 8 ΑΕ,1,ΦΠΑ,26962.68,24,6471.04,Εγκεκριμένη,Ιόνια Νησιά,Ζάκυνθος,3,2024,6,Ιούνιος
122,2024-05-30,100333333,Επιχείρηση 3 ΑΕ,1,Μισθοδοσίας,116924.54,15,17538.68,Εγκεκριμένη,Αττική,Αθήνα,1,2024,5,Μάιος
123,2024-05-05,102222220,Επιχείρηση 20 ΑΕ,1,Ακινήτων,69248.34,1.12,775.58,Εκκρεμής,Πελοπόννησος,Τρίπολη,1,2024,5,Μάιος
124,2023-11-26,101555554,Επιχείρηση 14 ΑΕ,7,Μισθοδοσίας,107147.8,15,16072.17,Εγκεκριμένη,Κρήτη,Ηράκλειο,4,2023,11,Νοέμβριος
125,2024-01-26,100333333,Επιχείρηση 3 ΑΕ,1,Ακινήτων,94023.31,2.42,2275.36,Απορριφθείσα,Αττική,Αθήνα,1,2024,1,Ιανουάριος
126,2023-04-28,101888887,Επιχείρηση 17 ΑΕ,8,Μισθοδοσίας,76327.11,15,11449.07,Εκκρεμής,Ιόνια Νησιά,Κέρκυρα,3,2023,4,Απρίλιος
127,2024-04-09,101999998,Επιχείρηση 18 ΑΕ,6,Μισθοδοσίας,68281.68,15,10242.25,Εγκεκριμένη,Δυτική Ελλάδα,Αγρίνιο,3,2024,4,Απρίλιος
128,2024-12-04,100444444,Επιχείρηση 4 ΑΕ,1,Μισθοδοσίας,47566.01,15,7134.9,Απορριφθείσα,Αττική,Γλυφάδα,1,2024,12,Δεκέμβριος
129,2023-05-14,100333333,Επιχείρηση 3 ΑΕ,1,ΦΠΑ,14891.29,24,3573.91,Εγκεκριμένη,Αττική,Αθήνα,1,2023,5,Μάιος
130,2024-03-09,102111109,Επιχείρηση 19 ΑΕ,6,ΦΠΑ,62210.49,24,14930.52,Εκκρεμής,Ήπειρος,Άρτα,3,2024,3,Μάρτιος
131,2024-11-03,100222222,Επιχείρηση 2 ΑΕ,6,Ακινήτων,53395.28,1.43,763.55,Εγκεκριμένη,Δυτική Ελλάδα,Πάτρα,3,2024,11,Νοέμβριος
132,2024-03-15,100444444,Επιχείρηση 4 ΑΕ,1,Ακινήτων,18117.91,1.45,262.71,Εκκρεμής,Αττική,Γλυφάδα,1,2024,3,Μάρτιος
133,2023-12-14,102222220,Επιχείρηση 20 ΑΕ,1,Ακινήτων,5314.02,2.52,133.91,Εγκεκριμένη,Πελοπόννησος,Τρίπολη,1,2023,12,Δεκέμβριος
134,2023-04-04,100666666,Επιχείρηση 6 ΑΕ,3,Μισθοδοσίας,11368.23,15,1705.23,Εκκρεμής,Ιόνια Νησιά,Ζάκυνθος,2,2023,4,Απρίλιος
135,2023-11-29,100777777,Επιχείρηση 7 ΑΕ,5,Μισθοδοσίας,68593.22,15,10288.98,Εκκρεμής,Κεντρική Μακεδονία,Θεσσαλονίκη,2,2023,11,Νοέμβριος
136,2023-03-25,102111109,Επιχείρηση 19 ΑΕ,6,ΦΠΑ,24181.41,24,5803.54,Εγκεκριμένη,Ήπειρος,Άρτα,1,2023,3,Μάρτιος
137,2023-12-20,101555554,Επιχείρηση 14 ΑΕ,7,Μισθοδοσίας,62713.38,15,9407.01,Εγκεκριμένη,Κρήτη,Ηράκλειο,4,2023,12,Δεκέμβριος
138,2023-01-08,101111110,Επιχείρηση 10 ΑΕ,7,Ακινήτων,7767.19,2.2,170.88,Εγκεκριμένη,Κρήτη,Ηράκλειο,4,2023,1,Ιανουάριος
139,2024-03-16,100777777,Επιχείρηση 7 ΑΕ,5,Ακινήτων,44127.62,1.99,878.14,Εγκεκριμένη,Κεντρική Μακεδονία,Θεσσαλονίκη,2,2024,3,Μάρτιος
140,2023-01-20,101444443,Επιχείρηση 13 ΑΕ,7,Ακινήτων,11739.25,1.08,126.78,Εγκεκριμένη,Κρήτη,Χανιά,4,2023,1,Ιανουάριος
141,2023-04-28,100333333,Επιχείρηση 3 ΑΕ,1,Μισθοδοσίας,86436.55,15,12965.48,Εγκεκριμένη,Αττική,Αθήνα,1,2023,4,Απρίλιος
142,2023-04-19,101222221,Επιχείρηση 11 ΑΕ,4,Μισθοδοσίας,124971.86,15,18745.78,Εγκεκριμένη,Κεντρική Μακεδονία,Θεσσαλονίκη,2,2023,4,Απρίλιος
143,2023-12-08,102111109,Επιχείρηση 19 ΑΕ,6,ΦΠΑ,59969.24,24,14392.62,Εκκρεμής,Ήπειρος,Άρτα,4,2023,12,Δεκέμβριος
144,2023-06-01,100333333,Επιχείρηση 3 ΑΕ,1,Εισοδήματος,135982.49,37.66,51211.01,Απορριφθείσα,Αττική,Αθήνα,1,2023,6,Ιούνιος
145,2024-05-20,100777777,Επιχείρηση 7 ΑΕ,5,Εισοδήματος,114272.08,36.05,41195.08,Εγκεκριμένη,Κεντρική Μακεδονία,Θεσσαλονίκη,2,2024,5,Μάιος
146,2023-03-11,102111109,Επιχείρηση 19 ΑΕ,6,Ακινήτων,129772.78,1.3,1687.05,Εγκεκριμένη,Ήπειρος,Άρτα,4,2023,3,Μάρτιος
147,2023-02-08,101111110,Επιχείρηση 10 ΑΕ,7,ΦΠΑ,53439.39,24,12825.45,Εγκεκριμένη,Κρήτη,Ηράκλειο,4,2023,2,Φεβρουάριος
148,2024-07-21,101111110,Επιχείρηση 10 ΑΕ,7,ΦΠΑ,92636.25,24,22232.7,Απορριφθείσα,Κρήτη,Ηράκλειο,4,2024,7,Ιούλιος
149,2023-04-16,100222222,Επιχείρηση 2 ΑΕ,6,Εισοδήματος,48907.49,11.17,5462.97,Εκκρεμής,Δυτική Ελλάδα,Πάτρα,3,2023,4,Απρίλιος
150,2024-09-16,101222221,Επιχείρηση 11 ΑΕ,4,Εισοδήματος,6832.18,27.34,1867.92,Εγκεκριμένη,Κεντρική Μακεδονία,Θεσσαλονίκη,2,2024,9,Σεπτέμβριος
151,2024-10-08,101333332,Επιχείρηση 12 ΑΕ,3,Μισθοδοσίας,61906.64,15,9286,Εγκεκριμένη,Πελοπόννησος,Καλαμάτα,3,2024,10,Οκτώβριος
152,2024-11-03,100333333,Επιχείρηση 3 ΑΕ,1,ΦΠΑ,84136.52,24,20192.76,Απορριφθείσα,Αττική,Αθήνα,1,2024,11,Νοέμβριος
153,2023-11-14,102222220,Επιχείρηση 20 ΑΕ,1,Ακινήτων,13143.8,2.83,371.97,Απορριφθείσα,Πελοπόννησος,Τρίπολη,2,2023,11,Νοέμβριος
154,2023-05-11,101444443,Επιχείρηση 13 ΑΕ,7,ΦΠΑ,47127.7,24,11310.65,Εκκρεμής,Κρήτη,Χανιά,4,2023,5,Μάιος
155,2023-08-08,101888887,Επιχείρηση 17 ΑΕ,8,Μισθοδοσίας,76764.78,15,11514.72,Εγκεκριμένη,Ιόνια Νησιά,Κέρκυρα,1,2023,8,Αύγουστος
156,2024-06-03,101777776,Επιχείρηση 16 ΑΕ,5,Εισοδήματος,149996.52,36.58,54868.73,Εκκρεμής,Ιόνια Νησιά,Ζάκυνθος,2,2024,6,Ιούνιος
157,2023-06-07,101888887,Επιχείρηση 17 ΑΕ,8,Ακινήτων,131582.52,2.19,2881.66,Εγκεκριμένη,Ιόνια Νησιά,Κέρκυρα,1,2023,6,Ιούνιος
158,2024-03-30,102222220,Επιχείρηση 20 ΑΕ,1,Μισθοδοσίας,7510.17,15,1126.53,Εγκεκριμένη,Πελοπόννησος,Τρίπολη,2,2024,3,Μάρτιος
159,2024-01-12,101666665,Επιχείρηση 15 ΑΕ,7,Εισοδήματος,47110.72,38.23,18010.43,Εκκρεμής,Κρήτη,Χανιά,4,2024,1,Ιανουάριος
160,2024-03-04,102111109,Επιχείρηση 19 ΑΕ,6,Μισθοδοσίας,115646.34,15,17346.95,Απορριφθείσα,Ήπειρος,Άρτα,4,2024,3,Μάρτιος
161,2023-04-16,100777777,Επιχείρηση 7 ΑΕ,5,Ακινήτων,8774.79,1.74,152.68,Εκκρεμής,Κεντρική Μακεδονία,Θεσσαλονίκη,2,2023,4,Απρίλιος
162,2024-06-09,101888887,Επιχείρηση 17 ΑΕ,8,Ακινήτων,13497.39,1.9,256.45,Εγκεκριμένη,Ιόνια Νησιά,Κέρκυρα,1,2024,6,Ιούνιος
163,2024-02-10,101555554,Επιχείρηση 14 ΑΕ,7,Εισοδήματος,122688.79,23.52,28856.4,Εγκεκριμένη,Κρήτη,Ηράκλειο,4,2024,2,Φεβρουάριος
164,2024-10-27,100888888,Επιχείρηση 8 ΑΕ,1,ΦΠΑ,56861.99,24,13646.88,Εγκεκριμένη,Ιόνια Νησιά,Ζάκυνθος,4,2024,10,Οκτώβριος
165,2023-05-23,100555555,Επιχείρηση 5 ΑΕ,1,ΦΠΑ,43745.03,24,10498.81,Εκκρεμής,Πελοπόννησος,Καλαμάτα,2,2023,5,Μάιος
166,2023-06-03,101777776,Επιχείρηση 16 ΑΕ,5,ΦΠΑ,135972.77,24,32633.46,Εγκεκριμένη,Ιόνια Νησιά,Ζάκυνθος,4,2023,6,Ιούνιος
167,2023-09-02,101888887,Επιχείρηση 17 ΑΕ,8,ΦΠΑ,116649.72,24,27995.93,Εγκεκριμένη,Ιόνια Νησιά,Κέρκυρα,4,2023,9,Σεπτέμβριος
168,2023-01-17,102222220,Επιχείρηση 20 ΑΕ,1,ΦΠΑ,17517.83,24,4204.28,Εγκεκριμένη,Πελοπόννησος,Τρίπολη,4,2023,1,Ιανουάριος
169,2023-07-11,102111109,Επιχείρηση 19 ΑΕ,6,Εισοδήματος,44399.53,28.97,12862.54,Εκκρεμής,Ήπειρος,Άρτα,2,2023,7,Ιούλιος
170,2024-06-03,100333333,Επιχείρηση 3 ΑΕ,1,ΦΠΑ,143057.15,24,34333.72,Εγκεκριμένη,Αττική,Αθήνα,1,2024,6,Ιούνιος
171,2023-03-11,101777776,Επιχείρηση 16 ΑΕ,5,Μισθοδοσίας,147174.87,15,22076.23,Εγκεκριμένη,Ιόνια Νησιά,Ζάκυνθος,1,2023,3,Μάρτιος
172,2024-12-02,100444444,Επιχείρηση 4 ΑΕ,1,Εισοδήματος,7606.02,15.13,1150.79,Εγκεκριμένη,Αττική,Γλυφάδα,1,2024,12,Δεκέμβριος
173,2023-02-14,101777776,Επιχείρηση 16 ΑΕ,5,Εισοδήματος,10401.98,19.27,2004.46,Εκκρεμής,Ιόνια Νησιά,Ζάκυνθος,2,2023,2,Φεβρουάριος
174,2023-09-17,100222222,Επιχείρηση 2 ΑΕ,6,Ακινήτων,77792.15,2.09,1625.86,Εγκεκριμένη,Δυτική Ελλάδα,Πάτρα,3,2023,9,Σεπτέμβριος
175,2023-10-07,100777777,Επιχείρηση 7 ΑΕ,5,Ακινήτων,129458.64,2.31,2990.49,Εγκεκριμένη,Κεντρική Μακεδονία,Θεσσαλονίκη,2,2023,10,Οκτώβριος
176,2023-07-11,101333332,Επιχείρηση 12 ΑΕ,3,Μισθοδοσίας,111752.85,15,16762.93,Εγκεκριμένη,Πελοπόννησος,Καλαμάτα,4,2023,7,Ιούλιος
177,2024-09-08,101777776,Επιχείρηση 16 ΑΕ,5,Ακινήτων,120371.07,1.16,1396.3,Απορριφθείσα,Ιόνια Νησιά,Ζάκυνθος,3,2024,9,Σεπτέμβριος
178,2024-04-01,100666666,Επιχείρηση 6 ΑΕ,3,Ακινήτων,16287.09,1.59,258.96,Εγκεκριμένη,Ιόνια Νησιά,Ζάκυνθος,3,2024,4,Απρίλιος
179,2023-12-28,101555554,Επιχείρηση 14 ΑΕ,7,Μισθοδοσίας,53380.5,15,8007.07,Εγκεκριμένη,Κρήτη,Ηράκλειο,4,2023,12,Δεκέμβριος
180,2024-11-26,101555554,Επιχείρηση 14 ΑΕ,7,ΦΠΑ,12181.13,24,2923.47,Εγκεκριμένη,Κρήτη,Ηράκλειο,4,2024,11,Νοέμβριος
181,2024-01-11,100111111,Επιχείρηση 1 ΑΕ,5,Μισθοδοσίας,6185.05,15,927.76,Εγκεκριμένη,Κεντρική Μακεδονία,Θεσσαλονίκη,2,2024,1,Ιανουάριος
182,2024-08-10,102111109,Επιχείρηση 19 ΑΕ,6,Εισοδήματος,102180.25,35.70999999999999,36488.57,Εγκεκριμένη,Ήπειρος,Άρτα,1,2024,8,Αύγουστος
183,2024-07-29,101222221,Επιχείρηση 11 ΑΕ,4,Εισοδήματος,144117.49,27.12,39084.66,Εγκεκριμένη,Κεντρική Μακεδονία,Θεσσαλονίκη,2,2024,7,Ιούλιος
184,2023-05-19,101666665,Επιχείρηση 15 ΑΕ,7,Ακινήτων,104403.12,1.4,1461.64,Εκκρεμής,Κρήτη,Χανιά,4,2023,5,Μάιος
185,2023-11-24,101666665,Επιχείρηση 15 ΑΕ,7,Μισθοδοσίας,149592.1,15,22438.81,Εκκρεμής,Κρήτη,Χανιά,4,2023,11,Νοέμβριος
186,2024-10-15,100333333,Επιχείρηση 3 ΑΕ,1,Ακινήτων,127852.95,2.85,3643.81,Εγκεκριμένη,Αττική,Αθήνα,1,2024,10,Οκτώβριος
187,2024-05-20,101333332,Επιχείρηση 12 ΑΕ,3,ΦΠΑ,147784.75,24,35468.34,Εγκεκριμένη,Πελοπόννησος,Καλαμάτα,2,2024,5,Μάιος
188,2024-05-05,101333332,Επιχείρηση 12 ΑΕ,3,Εισοδήματος,92180.31,43.99,40550.12,Εγκεκριμένη,Πελοπόννησος,Καλαμάτα,4,2024,5,Μάιος
189,2023-12-19,102111109,Επιχείρηση 19 ΑΕ,6,Εισοδήματος,145884.58,32.8,47850.14,Εγκεκριμένη,Ήπειρος,Άρτα,1,2023,12,Δεκέμβριος
190,2023-06-06,101999998,Επιχείρηση 18 ΑΕ,6,Εισοδήματος,65460.12,13.35,8738.93,Εγκεκριμένη,Δυτική Ελλάδα,Αγρίνιο,3,2023,6,Ιούνιος
191,2023-09-14,100666666,Επιχείρηση 6 ΑΕ,3,Εισοδήματος,52557.44,38.61,20292.43,Εγκεκριμένη,Ιόνια Νησιά,Ζάκυνθος,3,2023,9,Σεπτέμβριος
192,2024-08-29,101999998,Επιχείρηση 18 ΑΕ,6,Εισοδήματος,94128.33,31.43,29584.53,Απορριφθείσα,Δυτική Ελλάδα,Αγρίνιο,3,2024,8,Αύγουστος
193,2023-01-30,100555555,Επιχείρηση 5 ΑΕ,1,Ακινήτων,126536.97,2.65,3353.23,Εγκεκριμένη,Πελοπόννησος,Καλαμάτα,2,2023,1,Ιανουάριος
194,2024-10-04,102111109,Επιχείρηση 19 ΑΕ,6,Εισοδήματος,115276.89,26.43,30467.68,Εγκεκριμένη,Ήπειρος,Άρτα,3,2024,10,Οκτώβριος
195,2023-03-03,101111110,Επιχείρηση 10 ΑΕ,7,Εισοδήματος,120898.53,11.55,13963.78,Εγκεκριμένη,Κρήτη,Ηράκλειο,4,2023,3,Μάρτιος
196,2023-11-23,101555554,Επιχείρηση 14 ΑΕ,7,Μισθοδοσίας,31399.43,15,4709.91,Εκκρεμής,Κρήτη,Ηράκλειο,4,2023,11,Νοέμβριος
197,2023-05-06,101333332,Επιχείρηση 12 ΑΕ,3,Εισοδήματος,114339.08,17.46,19963.6,Εγκεκριμένη,Πελοπόννησος,Καλαμάτα,4,2023,5,Μάιος
198,2024-03-04,100888888,Επιχείρηση 8 ΑΕ,1,ΦΠΑ,8540.19,24,2049.65,Εγκεκριμένη,Ιόνια Νησιά,Ζάκυνθος,2,2024,3,Μάρτιος
199,2024-04-23,100666666,Επιχείρηση 6 ΑΕ,3,Ακινήτων,29285.28,2.99,875.63,Εγκεκριμένη,Ιόνια Νησιά,Ζάκυνθος,3,2024,4,Απρίλιος
200,2023-09-04,101111110,Επιχείρηση 10 ΑΕ,7,ΦΠΑ,14417.32,24,3460.16,Εγκεκριμένη,Κρήτη,Ηράκλειο,4,2023,9,Σεπτέμβριος
201,2024-11-19,101333332,Επιχείρηση 12 ΑΕ,3,ΦΠΑ,42922.09,24,10301.3,Εγκεκριμένη,Πελοπόννησος,Καλαμάτα,1,2024,11,Νοέμβριος
202,2024-02-17,101999998,Επιχείρηση 18 ΑΕ,6,ΦΠΑ,65208.24,24,15649.98,Εγκεκριμένη,Δυτική Ελλάδα,Αγρίνιο,3,2024,2,Φεβρουάριος
203,2024-07-17,101444443,Επιχείρηση 13 ΑΕ,7,Εισοδήματος,55016.04,24.76,13621.97,Εγκεκριμένη,Κρήτη,Χανιά,4,2024,7,Ιούλιος
204,2024-01-10,102222220,Επιχείρηση 20 ΑΕ,1,Εισοδήματος,146287.34,20.87,30530.17,Εκκρεμής,Πελοπόννησος,Τρίπολη,1,2024,1,Ιανουάριος
205,2024-04-30,101888887,Επιχείρηση 17 ΑΕ,8,ΦΠΑ,7750.2,24,1860.05,Εγκεκριμένη,Ιόνια Νησιά,Κέρκυρα,4,2024,4,Απρίλιος
206,2024-09-23,100555555,Επιχείρηση 5 ΑΕ,1,Ακινήτων,139773.94,1.79,2501.95,Εκκρεμής,Πελοπόννησος,Καλαμάτα,2,2024,9,Σεπτέμβριος
207,2024-01-13,101111110,Επιχείρηση 10 ΑΕ,7,Μισθοδοσίας,106602.23,15,15990.33,Εγκεκριμένη,Κρήτη,Ηράκλειο,4,2024,1,Ιανουάριος
208,2023-01-28,100444444,Επιχείρηση 4 ΑΕ,1,Ακινήτων,119716.47,2.38,2849.25,Εγκεκριμένη,Αττική,Γλυφάδα,1,2023,1,Ιανουάριος
209,2024-09-26,100999999,Επιχείρηση 9 ΑΕ,4,ΦΠΑ,87944.97,24,21106.79,Εκκρεμής,Κεντρική Μακεδονία,Βέροια,2,2024,9,Σεπτέμβριος
210,2023-11-18,101444443,Επιχείρηση 13 ΑΕ,7,Εισοδήματος,5704.01,9.66,551.01,Εγκεκριμένη,Κρήτη,Χανιά,4,2023,11,Νοέμβριος
211,2023-03-05,101555554,Επιχείρηση 14 ΑΕ,7,Μισθοδοσίας,75771.11,15,11365.67,Εκκρεμής,Κρήτη,Ηράκλειο,4,2023,3,Μάρτιος
212,2023-06-27,101888887,Επιχείρηση 17 ΑΕ,8,Ακινήτων,149720.31,1.75,2620.11,Εγκεκριμένη,Ιόνια Νησιά,Κέρκυρα,2,2023,6,Ιούνιος
213,2024-12-10,101999998,Επιχείρηση 18 ΑΕ,6,Ακινήτων,101704.42,2.36,2400.22,Εγκεκριμένη,Δυτική Ελλάδα,Αγρίνιο,3,2024,12,Δεκέμβριος
214,2023-10-23,101777776,Επιχείρηση 16 ΑΕ,5,Εισοδήματος,42571.95,43.38,18467.71,Εκκρεμής,Ιόνια Νησιά,Ζάκυνθος,2,2023,10,Οκτώβριος
215,2023-10-08,101777776,Επιχείρηση 16 ΑΕ,5,Μισθοδοσίας,52971.67,15,7945.75,Εγκεκριμένη,Ιόνια Νησιά,Ζάκυνθος,3,2023,10,Οκτώβριος
216,2023-10-25,102111109,Επιχείρηση 19 ΑΕ,6,Μισθοδοσίας,122938.24,15,18440.74,Εγκεκριμένη,Ήπειρος,Άρτα,4,2023,10,Οκτώβριος
217,2024-07-05,100333333,Επιχείρηση 3 ΑΕ,1,Μισθοδοσίας,98739.84,15,14810.98,Εγκεκριμένη,Αττική,Αθήνα,1,2024,7,Ιούλιος
218,2024-06-27,101999998,Επιχείρηση 18 ΑΕ,6,Εισοδήματος,17274.76,10.78,1862.22,Εγκεκριμένη,Δυτική Ελλάδα,Αγρίνιο,3,2024,6,Ιούνιος
219,2023-05-21,100888888,Επιχείρηση 8 ΑΕ,1,ΦΠΑ,62581.9,24,15019.66,Εγκεκριμένη,Ιόνια Νησιά,Ζάκυνθος,1,2023,5,Μάιος
220,2024-10-28,101999998,Επιχείρηση 18 ΑΕ,6,Μισθοδοσίας,98281.03,15,14742.15,Εγκεκριμένη,Δυτική Ελλάδα,Αγρίνιο,3,2024,10,Οκτώβριος
221,2024-08-10,101111110,Επιχείρηση 10 ΑΕ,7,Ακινήτων,97238.79,1.18,1147.42,Εγκεκριμένη,Κρήτη,Ηράκλειο,4,2024,8,Αύγουστος
222,2024-02-11,100222222,Επιχείρηση 2 ΑΕ,6,Μισθοδοσίας,132454.5,15,19868.17,Εκκρεμής,Δυτική Ελλάδα,Πάτρα,3,2024,2,Φεβρουάριος
223,2023-12-10,100666666,Επιχείρηση 6 ΑΕ,3,ΦΠΑ,2380.81,24,571.39,Εγκεκριμένη,Ιόνια Νησιά,Ζάκυνθος,3,2023,12,Δεκέμβριος
224,2023-06-16,101999998,Επιχείρηση 18 ΑΕ,6,Εισοδήματος,127807.9,12.94,16538.34,Εκκρεμής,Δυτική Ελλάδα,Αγρίνιο,3,2023,6,Ιούνιος
225,2023-07-17,100999999,Επιχείρηση 9 ΑΕ,4,ΦΠΑ,110756.07,24,26581.46,Εγκεκριμένη,Κεντρική Μακεδονία,Βέροια,2,2023,7,Ιούλιος
226,2023-05-24,101444443,Επιχείρηση 13 ΑΕ,7,Ακινήτων,13923.93,1.37,190.76,Εγκεκριμένη,Κρήτη,Χανιά,4,2023,5,Μάιος
227,2023-12-04,100888888,Επιχείρηση 8 ΑΕ,1,Ακινήτων,58152.58,1.53,889.73,Εγκεκριμένη,Ιόνια Νησιά,Ζάκυνθος,1,2023,12,Δεκέμβριος
228,2023-05-02,102111109,Επιχείρηση 19 ΑΕ,6,Ακινήτων,98398.82,1.12,1102.07,Εγκεκριμένη,Ήπειρος,Άρτα,1,2023,5,Μάιος
229,2024-01-12,100666666,Επιχείρηση 6 ΑΕ,3,Ακινήτων,103853.27,2.88,2990.97,Εγκεκριμένη,Ιόνια Νησιά,Ζάκυνθος,4,2024,1,Ιανουάριος
230,2024-03-01,100888888,Επιχείρηση 8 ΑΕ,1,Μισθοδοσίας,23824.65,15,3573.7,Εκκρεμής,Ιόνια Νησιά,Ζάκυνθος,2,2024,3,Μάρτιος
231,2024-06-24,101777776,Επιχείρηση 16 ΑΕ,5,Εισοδήματος,102370.95,27.39,28039.4,Εκκρεμής,Ιόνια Νησιά,Ζάκυνθος,2,2024,6,Ιούνιος
232,2024-07-03,100333333,Επιχείρηση 3 ΑΕ,1,ΦΠΑ,124487.33,24,29876.96,Εγκεκριμένη,Αττική,Αθήνα,1,2024,7,Ιούλιος
233,2024-06-06,101222221,Επιχείρηση 11 ΑΕ,4,ΦΠΑ,102363.99,24,24567.36,Εγκεκριμένη,Κεντρική Μακεδονία,Θεσσαλονίκη,2,2024,6,Ιούνιος
234,2023-11-12,100222222,Επιχείρηση 2 ΑΕ,6,Εισοδήματος,77473.93,25.18,19507.94,Εκκρεμής,Δυτική Ελλάδα,Πάτρα,3,2023,11,Νοέμβριος
235,2023-12-19,101444443,Επιχείρηση 13 ΑΕ,7,ΦΠΑ,112124.87,24,26909.97,Εκκρεμής,Κρήτη,Χανιά,4,2023,12,Δεκέμβριος
236,2023-07-04,101999998,Επιχείρηση 18 ΑΕ,6,ΦΠΑ,147934.45,24,35504.27,Εκκρεμής,Δυτική Ελλάδα,Αγρίνιο,3,2023,7,Ιούλιος
237,2023-03-24,101555554,Επιχείρηση 14 ΑΕ,7,Μισθοδοσίας,67832.03,15,10174.8,Εκκρεμής,Κρήτη,Ηράκλειο,4,2023,3,Μάρτιος
238,2023-05-11,101999998,Επιχείρηση 18 ΑΕ,6,Ακινήτων,18676.34,1.79,334.31,Εκκρεμής,Δυτική Ελλάδα,Αγρίνιο,3,2023,5,Μάιος
239,2024-03-10,100888888,Επιχείρηση 8 ΑΕ,1,ΦΠΑ,146795.11,24,35230.83,Εγκεκριμένη,Ιόνια Νησιά,Ζάκυνθος,1,2024,3,Μάρτιος
240,2023-04-26,100888888,Επιχείρηση 8 ΑΕ,1,Ακινήτων,24113.08,2.75,663.11,Εγκεκριμένη,Ιόνια Νησιά,Ζάκυνθος,4,2023,4,Απρίλιος
241,2024-12-21,101555554,Επιχείρηση 14 ΑΕ,7,Εισοδήματος,31706.16,29.92,9486.48,Εκκρεμής,Κρήτη,Ηράκλειο,4,2024,12,Δεκέμβριος
242,2023-02-27,100888888,Επιχείρηση 8 ΑΕ,1,Μισθοδοσίας,66405.46,15,9960.82,Εγκεκριμένη,Ιόνια Νησιά,Ζάκυνθος,1,2023,2,Φεβρουάριος
243,2023-08-31,101111110,Επιχείρηση 10 ΑΕ,7,Ακινήτων,87043.75,2.64,2297.95,Εγκεκριμένη,Κρήτη,Ηράκλειο,4,2023,8,Αύγουστος
244,2023-06-29,100555555,Επιχείρηση 5 ΑΕ,1,Μισθοδοσίας,45774.64,15,6866.2,Εγκεκριμένη,Πελοπόννησος,Καλαμάτα,2,2023,6,Ιούνιος
245,2024-06-21,101555554,Επιχείρηση 14 ΑΕ,7,ΦΠΑ,145871.25,24,35009.1,Εγκεκριμένη,Κρήτη,Ηράκλειο,4,2024,6,Ιούνιος
246,2023-08-19,100555555,Επιχείρηση 5 ΑΕ,1,Μισθοδοσίας,28397.97,15,4259.7,Εγκεκριμένη,Πελοπόννησος,Καλαμάτα,3,2023,8,Αύγουστος
247,2023-05-18,100555555,Επιχείρηση 5 ΑΕ,1,ΦΠΑ,84795.51,24,20350.92,Εγκεκριμένη,Πελοπόννησος,Καλαμάτα,4,2023,5,Μάιος
248,2023-04-05,100999999,Επιχείρηση 9 ΑΕ,4,Ακινήτων,97359.17,2.69,2618.96,Εγκεκριμένη,Κεντρική Μακεδονία,Βέροια,2,2023,4,Απρίλιος
249,2023-03-16,100777777,Επιχείρηση 7 ΑΕ,5,Ακινήτων,57198.03,1.08,617.74,Εγκεκριμένη,Κεντρική Μακεδονία,Θεσσαλονίκη,2,2023,3,Μάρτιος
250,2023-01-16,102111109,Επιχείρηση 19 ΑΕ,6,Μισθοδοσίας,32124.47,15,4818.67,Εγκεκριμένη,Ήπειρος,Άρτα,2,2023,1,Ιανουάριος
251,2024-02-11,100777777,Επιχείρηση 7 ΑΕ,5,Μισθοδοσίας,137251.75,15,20587.76,Απορριφθείσα,Κεντρική Μακεδονία,Θεσσαλονίκη,2,2024,2,Φεβρουάριος
252,2023-09-25,101999998,Επιχείρηση 18 ΑΕ,6,Ακινήτων,57718.6,1.72,992.76,Εγκεκριμένη,Δυτική Ελλάδα,Αγρίνιο,3,2023,9,Σεπτέμβριος
253,2023-11-24,101777776,Επιχείρηση 16 ΑΕ,5,ΦΠΑ,120619.68,24,28948.72,Απορριφθείσα,Ιόνια Νησιά,Ζάκυνθος,4,2023,11,Νοέμβριος
254,2023-01-17,101333332,Επιχείρηση 12 ΑΕ,3,Μισθοδοσίας,7811.6,15,1171.74,Εγκεκριμένη,Πελοπόννησος,Καλαμάτα,3,2023,1,Ιανουάριος
255,2023-09-09,102111109,Επιχείρηση 19 ΑΕ,6,Ακινήτων,23709.3,1.76,417.28,Εγκεκριμένη,Ήπειρος,Άρτα,4,2023,9,Σεπτέμβριος
256,2023-06-22,101222221,Επιχείρηση 11 ΑΕ,4,Μισθοδοσίας,145009.73,15,21751.46,Εκκρεμής,Κεντρική Μακεδονία,Θεσσαλονίκη,2,2023,6,Ιούνιος
257,2024-10-19,101333332,Επιχείρηση 12 ΑΕ,3,Εισοδήματος,108326.72,27.97,30298.98,Απορριφθείσα,Πελοπόννησος,Καλαμάτα,2,2024,10,Οκτώβριος
258,2024-12-25,100333333,Επιχείρηση 3 ΑΕ,1,ΦΠΑ,62446.44,24,14987.15,Εγκεκριμένη,Αττική,Αθήνα,1,2024,12,Δεκέμβριος
259,2024-05-09,100777777,Επιχείρηση 7 ΑΕ,5,Ακινήτων,10007.07,2.87,287.2,Εκκρεμής,Κεντρική Μακεδονία,Θεσσαλονίκη,2,2024,5,Μάιος
260,2023-10-21,100111111,Επιχείρηση 1 ΑΕ,5,Μισθοδοσίας,2765.79,15,414.87,Εγκεκριμένη,Κεντρική Μακεδονία,Θεσσαλονίκη,2,2023,10,Οκτώβριος
261,2024-09-26,101555554,Επιχείρηση 14 ΑΕ,7,ΦΠΑ,137789.28,24,33069.43,Εγκεκριμένη,Κρήτη,Ηράκλειο,4,2024,9,Σεπτέμβριος
262,2024-12-14,100999999,Επιχείρηση 9 ΑΕ,4,ΦΠΑ,56584.69,24,13580.33,Εγκεκριμένη,Κεντρική Μακεδονία,Βέροια,2,2024,12,Δεκέμβριος
263,2024-10-14,100333333,Επιχείρηση 3 ΑΕ,1,ΦΠΑ,61386.47,24,14732.75,Εγκεκριμένη,Αττική,Αθήνα,1,2024,10,Οκτώβριος
264,2023-04-08,100666666,Επιχείρηση 6 ΑΕ,3,Μισθοδοσίας,126954.14,15,19043.12,Εκκρεμής,Ιόνια Νησιά,Ζάκυνθος,1,2023,4,Απρίλιος
265,2023-03-18,100222222,Επιχείρηση 2 ΑΕ,6,Εισοδήματος,135289.67,18.49,25015.06,Εκκρεμής,Δυτική Ελλάδα,Πάτρα,3,2023,3,Μάρτιος
266,2024-12-30,100999999,Επιχείρηση 9 ΑΕ,4,Εισοδήματος,139386.19,29.55,41188.62,Εκκρεμής,Κεντρική Μακεδονία,Βέροια,2,2024,12,Δεκέμβριος
267,2024-01-29,101111110,Επιχείρηση 10 ΑΕ,7,Εισοδήματος,85437.69,27.92,23854.2,Εκκρεμής,Κρήτη,Ηράκλειο,4,2024,1,Ιανουάριος
268,2023-12-15,100555555,Επιχείρηση 5 ΑΕ,1,Ακινήτων,9000.77,2.68,241.22,Εγκεκριμένη,Πελοπόννησος,Καλαμάτα,1,2023,12,Δεκέμβριος
269,2024-05-17,102222220,Επιχείρηση 20 ΑΕ,1,Ακινήτων,5414.22,2.99,161.89,Εγκεκριμένη,Πελοπόννησος,Τρίπολη,4,2024,5,Μάιος
270,2024-09-25,101999998,Επιχείρηση 18 ΑΕ,6,Μισθοδοσίας,28674.94,15,4301.24,Εγκεκριμένη,Δυτική Ελλάδα,Αγρίνιο,3,2024,9,Σεπτέμβριος
271,2023-06-07,100888888,Επιχείρηση 8 ΑΕ,1,ΦΠΑ,40927.83,24,9822.68,Εκκρεμής,Ιόνια Νησιά,Ζάκυνθος,1,2023,6,Ιούνιος
272,2023-10-04,101222221,Επιχείρηση 11 ΑΕ,4,ΦΠΑ,14636.54,24,3512.77,Εγκεκριμένη,Κεντρική Μακεδονία,Θεσσαλονίκη,2,2023,10,Οκτώβριος
273,2023-01-27,100333333,Επιχείρηση 3 ΑΕ,1,Μισθοδοσίας,67877.71,15,10181.66,Εγκεκριμένη,Αττική,Αθήνα,1,2023,1,Ιανουάριος
274,2023-03-28,101999998,Επιχείρηση 18 ΑΕ,6,Ακινήτων,129694.01,1.83,2373.4,Εκκρεμής,Δυτική Ελλάδα,Αγρίνιο,3,2023,3,Μάρτιος
275,2023-05-30,101999998,Επιχείρηση 18 ΑΕ,6,Εισοδήματος,103112.08,18.39,18962.31,Εγκεκριμένη,Δυτική Ελλάδα,Αγρίνιο,3,2023,5,Μάιος
276,2023-09-10,101555554,Επιχείρηση 14 ΑΕ,7,Μισθοδοσίας,45663.09,15,6849.46,Εκκρεμής,Κρήτη,Ηράκλειο,4,2023,9,Σεπτέμβριος
277,2023-12-07,101777776,Επιχείρηση 16 ΑΕ,5,Μισθοδοσίας,16938.88,15,2540.83,Εκκρεμής,Ιόνια Νησιά,Ζάκυνθος,2,2023,12,Δεκέμβριος
278,2024-08-31,101444443,Επιχείρηση 13 ΑΕ,7,Μισθοδοσίας,50875.7,15,7631.35,Εγκεκριμένη,Κρήτη,Χανιά,4,2024,8,Αύγουστος
279,2023-10-26,101222221,Επιχείρηση 11 ΑΕ,4,Μισθοδοσίας,47813.31,15,7172,Εκκρεμής,Κεντρική Μακεδονία,Θεσσαλονίκη,2,2023,10,Οκτώβριος
280,2023-04-27,101777776,Επιχείρηση 16 ΑΕ,5,Ακινήτων,57032.24,1.79,1020.88,Απορριφθείσα,Ιόνια Νησιά,Ζάκυνθος,2,2023,4,Απρίλιος
281,2024-03-24,100777777,Επιχείρηση 7 ΑΕ,5,ΦΠΑ,142997.69,24,34319.45,Εκκρεμής,Κεντρική Μακεδονία,Θεσσαλονίκη,2,2024,3,Μάρτιος
282,2023-06-07,100333333,Επιχείρηση 3 ΑΕ,1,Μισθοδοσίας,21737.69,15,3260.65,Εκκρεμής,Αττική,Αθήνα,1,2023,6,Ιούνιος
283,2024-06-02,101444443,Επιχείρηση 13 ΑΕ,7,Μισθοδοσίας,148614.39,15,22292.16,Απορριφθείσα,Κρήτη,Χανιά,4,2024,6,Ιούνιος
284,2023-03-29,101555554,Επιχείρηση 14 ΑΕ,7,Ακινήτων,105543.51,2.19,2311.4,Εγκεκριμένη,Κρήτη,Ηράκλειο,4,2023,3,Μάρτιος
285,2024-02-14,100888888,Επιχείρηση 8 ΑΕ,1,Εισοδήματος,97402.98,32.71,31860.51,Απορριφθείσα,Ιόνια Νησιά,Ζάκυνθος,3,2024,2,Φεβρουάριος
286,2024-07-25,101555554,Επιχείρηση 14 ΑΕ,7,ΦΠΑ,15692.38,24,3766.17,Εγκεκριμένη,Κρήτη,Ηράκλειο,4,2024,7,Ιούλιος
287,2024-12-08,102111109,Επιχείρηση 19 ΑΕ,6,Μισθοδοσίας,56743.82,15,8511.57,Εγκεκριμένη,Ήπειρος,Άρτα,2,2024,12,Δεκέμβριος
288,2023-04-29,101333332,Επιχείρηση 12 ΑΕ,3,Μισθοδοσίας,16577.85,15,2486.68,Εκκρεμής,Πελοπόννησος,Καλαμάτα,1,2023,4,Απρίλιος
289,2023-12-23,100555555,Επιχείρηση 5 ΑΕ,1,Ακινήτων,52116.94,2.04,1063.19,Εγκεκριμένη,Πελοπόννησος,Καλαμάτα,3,2023,12,Δεκέμβριος
290,2023-01-24,101666665,Επιχείρηση 15 ΑΕ,7,Ακινήτων,11008.98,2.42,266.42,Εκκρεμής,Κρήτη,Χανιά,4,2023,1,Ιανουάριος
291,2024-04-18,100444444,Επιχείρηση 4 ΑΕ,1,Εισοδήματος,77883.09,23.92,18629.64,Εγκεκριμένη,Αττική,Γλυφάδα,1,2024,4,Απρίλιος
292,2023-07-22,101444443,Επιχείρηση 13 ΑΕ,7,Εισοδήματος,96431.35,30.49,29401.92,Εγκεκριμένη,Κρήτη,Χανιά,4,2023,7,Ιούλιος
293,2023-03-06,101555554,Επιχείρηση 14 ΑΕ,7,ΦΠΑ,106005.61,24,25441.35,Εγκεκριμένη,Κρήτη,Ηράκλειο,4,2023,3,Μάρτιος
294,2024-05-16,101999998,Επιχείρηση 18 ΑΕ,6,Ακινήτων,49571.75,1.52,753.49,Εγκεκριμένη,Δυτική Ελλάδα,Αγρίνιο,3,2024,5,Μάιος
295,2024-09-24,101222221,Επιχείρηση 11 ΑΕ,4,Μισθοδοσίας,88463.7,15,13269.55,Εγκεκριμένη,Κεντρική Μακεδονία,Θεσσαλονίκη,2,2024,9,Σεπτέμβριος
296,2023-05-25,101111110,Επιχείρηση 10 ΑΕ,7,Εισοδήματος,47664.68,22.07,10519.59,Εγκεκριμένη,Κρήτη,Ηράκλειο,4,2023,5,Μάιος
297,2024-10-22,101555554,Επιχείρηση 14 ΑΕ,7,Μισθοδοσίας,64032.78,15,9604.92,Απορριφθείσα,Κρήτη,Ηράκλειο,4,2024,10,Οκτώβριος
298,2024-09-26,100666666,Επιχείρηση 6 ΑΕ,3,Μισθοδοσίας,44036.38,15,6605.46,Εγκεκριμένη,Ιόνια Νησιά,Ζάκυνθος,2,2024,9,Σεπτέμβριος
299,2024-06-01,101333332,Επιχείρηση 12 ΑΕ,3,Μισθοδοσίας,21343.67,15,3201.55,Εκκρεμής,Πελοπόννησος,Καλαμάτα,1,2024,6,Ιούνιος
300,2024-08-01,101555554,Επιχείρηση 14 ΑΕ,7,Μισθοδοσίας,106811.21,15,16021.68,Εγκεκριμένη,Κρήτη,Ηράκλειο,4,2024,8,Αύγουστος
